A_granulata|model.g8906.t1_1	9de3d745dfab3b16ac8b95fea9bad063	770	Pfam	PF00378	Enoyl-CoA hydratase/isomerase	4	175	6.5E-32	T	19-04-2021	IPR001753	Enoyl-CoA hydratase/isomerase
A_granulata|model.g8906.t1_1	9de3d745dfab3b16ac8b95fea9bad063	770	Pfam	PF00732	GMC oxidoreductase	217	506	2.8E-72	T	19-04-2021	IPR000172	Glucose-methanol-choline oxidoreductase, N-terminal
A_granulata|model.g8906.t1_1	9de3d745dfab3b16ac8b95fea9bad063	770	Pfam	PF05199	GMC oxidoreductase	614	757	2.5E-39	T	19-04-2021	IPR007867	Glucose-methanol-choline oxidoreductase, C-terminal
H_robusta|ESO12860.1	796134f2a13af7183fca01095753a92e	643	Pfam	PF05199	GMC oxidoreductase	456	600	2.3E-34	T	19-04-2021	IPR007867	Glucose-methanol-choline oxidoreductase, C-terminal
H_robusta|ESO12860.1	796134f2a13af7183fca01095753a92e	643	Pfam	PF00732	GMC oxidoreductase	42	337	6.7E-68	T	19-04-2021	IPR000172	Glucose-methanol-choline oxidoreductase, N-terminal
B_glabrata|XP_013080962.1	f91b57c6fe0c47ed902163fbb058afb0	392	Pfam	PF00732	GMC oxidoreductase	119	354	7.0E-68	T	19-04-2021	IPR000172	Glucose-methanol-choline oxidoreductase, N-terminal
B_glabrata|XP_013080962.1	f91b57c6fe0c47ed902163fbb058afb0	392	Pfam	PF05199	GMC oxidoreductase	19	131	8.1E-24	T	19-04-2021	IPR007867	Glucose-methanol-choline oxidoreductase, C-terminal
S_constricta|evm.model.ctg174.7	29a90553e636bbf05c1671961df199f1	598	Pfam	PF00732	GMC oxidoreductase	38	331	1.8E-71	T	19-04-2021	IPR000172	Glucose-methanol-choline oxidoreductase, N-terminal
S_constricta|evm.model.ctg174.7	29a90553e636bbf05c1671961df199f1	598	Pfam	PF05199	GMC oxidoreductase	435	579	8.7E-44	T	19-04-2021	IPR007867	Glucose-methanol-choline oxidoreductase, C-terminal
P_fucata|Pma_10020228	c1f312fcd366502919c70621321ea371	841	Pfam	PF00732	GMC oxidoreductase	41	335	1.1E-80	T	19-04-2021	IPR000172	Glucose-methanol-choline oxidoreductase, N-terminal
P_fucata|Pma_10020228	c1f312fcd366502919c70621321ea371	841	Pfam	PF12012	Domain of unknown function (DUF3504)	693	839	5.9E-17	T	19-04-2021	IPR021893	Protein of unknown function DUF3504
P_fucata|Pma_10020228	c1f312fcd366502919c70621321ea371	841	Pfam	PF05199	GMC oxidoreductase	466	612	8.1E-39	T	19-04-2021	IPR007867	Glucose-methanol-choline oxidoreductase, C-terminal
B_glabrata|XP_013094005.1	3cf0b5db99abc94161ad7314b9618b62	177	Pfam	PF00732	GMC oxidoreductase	1	175	8.2E-39	T	19-04-2021	IPR000172	Glucose-methanol-choline oxidoreductase, N-terminal
P_fucata|Pma_10002972	66c4368ed8981ca80c66fecc58e91b4e	611	Pfam	PF00732	GMC oxidoreductase	39	333	2.9E-81	T	19-04-2021	IPR000172	Glucose-methanol-choline oxidoreductase, N-terminal
P_fucata|Pma_10002972	66c4368ed8981ca80c66fecc58e91b4e	611	Pfam	PF05199	GMC oxidoreductase	444	590	7.7E-35	T	19-04-2021	IPR007867	Glucose-methanol-choline oxidoreductase, C-terminal
P_fucata|Pma_10021023	8e236b14a54b555a3989c39b3930d1a2	490	Pfam	PF00732	GMC oxidoreductase	20	295	5.4E-74	T	19-04-2021	IPR000172	Glucose-methanol-choline oxidoreductase, N-terminal
P_fucata|Pma_10021023	8e236b14a54b555a3989c39b3930d1a2	490	Pfam	PF05199	GMC oxidoreductase	320	466	6.4E-40	T	19-04-2021	IPR007867	Glucose-methanol-choline oxidoreductase, C-terminal
P_fucata|Pma_10017238	623c639afd11c07356c489e095bb57a2	653	Pfam	PF05199	GMC oxidoreductase	483	629	1.0E-40	T	19-04-2021	IPR007867	Glucose-methanol-choline oxidoreductase, C-terminal
P_fucata|Pma_10017238	623c639afd11c07356c489e095bb57a2	653	Pfam	PF00732	GMC oxidoreductase	78	372	1.7E-84	T	19-04-2021	IPR000172	Glucose-methanol-choline oxidoreductase, N-terminal
P_fucata|Pma_10026311	f7bc1bd33a0c81ec09b537241eaf2f7b	1085	Pfam	PF00732	GMC oxidoreductase	514	807	9.3E-74	T	19-04-2021	IPR000172	Glucose-methanol-choline oxidoreductase, N-terminal
P_fucata|Pma_10026311	f7bc1bd33a0c81ec09b537241eaf2f7b	1085	Pfam	PF00732	GMC oxidoreductase	43	215	5.3E-34	T	19-04-2021	IPR000172	Glucose-methanol-choline oxidoreductase, N-terminal
P_fucata|Pma_10026311	f7bc1bd33a0c81ec09b537241eaf2f7b	1085	Pfam	PF05199	GMC oxidoreductase	918	1064	2.4E-39	T	19-04-2021	IPR007867	Glucose-methanol-choline oxidoreductase, C-terminal
P_fucata|Pma_10026311	f7bc1bd33a0c81ec09b537241eaf2f7b	1085	Pfam	PF05199	GMC oxidoreductase	291	437	7.0E-39	T	19-04-2021	IPR007867	Glucose-methanol-choline oxidoreductase, C-terminal
P_fucata|Pma_10013072	cd329047a057d976e663dfe6a468965f	876	Pfam	PF00732	GMC oxidoreductase	46	120	5.6E-23	T	19-04-2021	IPR000172	Glucose-methanol-choline oxidoreductase, N-terminal
P_fucata|Pma_10013072	cd329047a057d976e663dfe6a468965f	876	Pfam	PF00732	GMC oxidoreductase	302	596	1.9E-84	T	19-04-2021	IPR000172	Glucose-methanol-choline oxidoreductase, N-terminal
P_fucata|Pma_10013072	cd329047a057d976e663dfe6a468965f	876	Pfam	PF05199	GMC oxidoreductase	231	267	4.0E-6	T	19-04-2021	IPR007867	Glucose-methanol-choline oxidoreductase, C-terminal
P_fucata|Pma_10013072	cd329047a057d976e663dfe6a468965f	876	Pfam	PF05199	GMC oxidoreductase	706	852	5.8E-39	T	19-04-2021	IPR007867	Glucose-methanol-choline oxidoreductase, C-terminal
S_constricta|evm.model.ctg658.14	bd82a20ab2ffdea342fa254758b0215a	595	Pfam	PF05199	GMC oxidoreductase	432	576	7.8E-40	T	19-04-2021	IPR007867	Glucose-methanol-choline oxidoreductase, C-terminal
S_constricta|evm.model.ctg658.14	bd82a20ab2ffdea342fa254758b0215a	595	Pfam	PF00732	GMC oxidoreductase	36	331	2.2E-82	T	19-04-2021	IPR000172	Glucose-methanol-choline oxidoreductase, N-terminal
B_glabrata|XP_013078245.1	7ff7567d17efa84c1ba30bd05b56c2c8	622	Pfam	PF05199	GMC oxidoreductase	434	579	4.1E-39	T	19-04-2021	IPR007867	Glucose-methanol-choline oxidoreductase, C-terminal
B_glabrata|XP_013078245.1	7ff7567d17efa84c1ba30bd05b56c2c8	622	Pfam	PF00732	GMC oxidoreductase	29	328	4.7E-79	T	19-04-2021	IPR000172	Glucose-methanol-choline oxidoreductase, N-terminal
C_virginica|XP_022334600.1	98d0796fd5578085057473d9774d8ed3	611	Pfam	PF00732	GMC oxidoreductase	37	332	1.0E-80	T	19-04-2021	IPR000172	Glucose-methanol-choline oxidoreductase, N-terminal
C_virginica|XP_022334600.1	98d0796fd5578085057473d9774d8ed3	611	Pfam	PF05199	GMC oxidoreductase	444	591	3.1E-40	T	19-04-2021	IPR007867	Glucose-methanol-choline oxidoreductase, C-terminal
B_glabrata|XP_013093671.1	fc7a6c8da8694f1c23e0f99b25bbc15a	474	Pfam	PF05199	GMC oxidoreductase	313	458	1.3E-41	T	19-04-2021	IPR007867	Glucose-methanol-choline oxidoreductase, C-terminal
B_glabrata|XP_013093671.1	fc7a6c8da8694f1c23e0f99b25bbc15a	474	Pfam	PF00732	GMC oxidoreductase	1	206	2.8E-52	T	19-04-2021	IPR000172	Glucose-methanol-choline oxidoreductase, N-terminal
S_constricta|evm.model.ctg6.81	9e1a4f29c1535ffa9f90077ae96f2fcb	309	Pfam	PF00732	GMC oxidoreductase	4	250	1.4E-60	T	19-04-2021	IPR000172	Glucose-methanol-choline oxidoreductase, N-terminal
P_fucata|Pma_10026304	641f21ef7862ba1a2c7bd13bc3c0e1c9	464	Pfam	PF05199	GMC oxidoreductase	298	444	5.7E-40	T	19-04-2021	IPR007867	Glucose-methanol-choline oxidoreductase, C-terminal
P_fucata|Pma_10026304	641f21ef7862ba1a2c7bd13bc3c0e1c9	464	Pfam	PF00732	GMC oxidoreductase	218	273	1.6E-13	T	19-04-2021	IPR000172	Glucose-methanol-choline oxidoreductase, N-terminal
P_fucata|Pma_10026304	641f21ef7862ba1a2c7bd13bc3c0e1c9	464	Pfam	PF00732	GMC oxidoreductase	38	215	5.1E-37	T	19-04-2021	IPR000172	Glucose-methanol-choline oxidoreductase, N-terminal
P_fucata|Pma_10005410	8def12c1df5a9bee8c4fd0b440975b4e	287	Pfam	PF00732	GMC oxidoreductase	218	273	3.9E-13	T	19-04-2021	IPR000172	Glucose-methanol-choline oxidoreductase, N-terminal
P_fucata|Pma_10005410	8def12c1df5a9bee8c4fd0b440975b4e	287	Pfam	PF00732	GMC oxidoreductase	6	186	5.2E-40	T	19-04-2021	IPR000172	Glucose-methanol-choline oxidoreductase, N-terminal
B_glabrata|XP_013068640.1	c306d18eaf33e44b4e06e496bb77c607	604	Pfam	PF05199	GMC oxidoreductase	444	589	1.1E-37	T	19-04-2021	IPR007867	Glucose-methanol-choline oxidoreductase, C-terminal
B_glabrata|XP_013068640.1	c306d18eaf33e44b4e06e496bb77c607	604	Pfam	PF00732	GMC oxidoreductase	41	337	3.6E-78	T	19-04-2021	IPR000172	Glucose-methanol-choline oxidoreductase, N-terminal
P_fucata|Pma_10013074	322e89a9237ee2978decf830544cc63c	589	Pfam	PF05199	GMC oxidoreductase	490	565	4.6E-26	T	19-04-2021	IPR007867	Glucose-methanol-choline oxidoreductase, C-terminal
P_fucata|Pma_10013074	322e89a9237ee2978decf830544cc63c	589	Pfam	PF05199	GMC oxidoreductase	370	446	4.1E-26	T	19-04-2021	IPR007867	Glucose-methanol-choline oxidoreductase, C-terminal
P_fucata|Pma_10013074	322e89a9237ee2978decf830544cc63c	589	Pfam	PF00732	GMC oxidoreductase	14	302	6.9E-81	T	19-04-2021	IPR000172	Glucose-methanol-choline oxidoreductase, N-terminal
H_robusta|ESO12711.1	080a5c517d975809f443fc3e9fa47c9f	569	Pfam	PF00732	GMC oxidoreductase	1	277	1.3E-64	T	19-04-2021	IPR000172	Glucose-methanol-choline oxidoreductase, N-terminal
H_robusta|ESO12711.1	080a5c517d975809f443fc3e9fa47c9f	569	Pfam	PF05199	GMC oxidoreductase	393	537	7.6E-42	T	19-04-2021	IPR007867	Glucose-methanol-choline oxidoreductase, C-terminal
S_constricta|evm.model.ctg599.25	04e7a4cc866c8885af3b9c39397a3a2b	617	Pfam	PF05199	GMC oxidoreductase	444	589	1.8E-40	T	19-04-2021	IPR007867	Glucose-methanol-choline oxidoreductase, C-terminal
S_constricta|evm.model.ctg599.25	04e7a4cc866c8885af3b9c39397a3a2b	617	Pfam	PF00732	GMC oxidoreductase	46	343	2.8E-76	T	19-04-2021	IPR000172	Glucose-methanol-choline oxidoreductase, N-terminal
P_fucata|Pma_10002971	9b16542b0c6439f23ad51b32231a83c9	612	Pfam	PF05199	GMC oxidoreductase	445	591	5.4E-39	T	19-04-2021	IPR007867	Glucose-methanol-choline oxidoreductase, C-terminal
P_fucata|Pma_10002971	9b16542b0c6439f23ad51b32231a83c9	612	Pfam	PF00732	GMC oxidoreductase	40	334	8.0E-78	T	19-04-2021	IPR000172	Glucose-methanol-choline oxidoreductase, N-terminal
P_fucata|Pma_10019994	36d4fa6dd5f8383334321615b7be3b22	661	Pfam	PF00732	GMC oxidoreductase	41	335	4.2E-82	T	19-04-2021	IPR000172	Glucose-methanol-choline oxidoreductase, N-terminal
P_fucata|Pma_10019994	36d4fa6dd5f8383334321615b7be3b22	661	Pfam	PF05199	GMC oxidoreductase	446	592	7.1E-40	T	19-04-2021	IPR007867	Glucose-methanol-choline oxidoreductase, C-terminal
S_constricta|evm.model.ctg658.15	697a9c75bac93397efbdb4f6f2358dff	596	Pfam	PF05199	GMC oxidoreductase	433	577	1.0E-40	T	19-04-2021	IPR007867	Glucose-methanol-choline oxidoreductase, C-terminal
S_constricta|evm.model.ctg658.15	697a9c75bac93397efbdb4f6f2358dff	596	Pfam	PF00732	GMC oxidoreductase	36	332	1.4E-78	T	19-04-2021	IPR000172	Glucose-methanol-choline oxidoreductase, N-terminal
B_glabrata|XP_013093196.1	1ad0df64f43f0fbec25fa0a4f18cf847	605	Pfam	PF05199	GMC oxidoreductase	445	590	1.6E-40	T	19-04-2021	IPR007867	Glucose-methanol-choline oxidoreductase, C-terminal
B_glabrata|XP_013093196.1	1ad0df64f43f0fbec25fa0a4f18cf847	605	Pfam	PF00732	GMC oxidoreductase	43	339	1.2E-81	T	19-04-2021	IPR000172	Glucose-methanol-choline oxidoreductase, N-terminal
P_fucata|Pma_10013078	0d6627259148580e9242ab00002ee06f	744	Pfam	PF05199	GMC oxidoreductase	574	720	2.7E-40	T	19-04-2021	IPR007867	Glucose-methanol-choline oxidoreductase, C-terminal
P_fucata|Pma_10013078	0d6627259148580e9242ab00002ee06f	744	Pfam	PF00732	GMC oxidoreductase	199	488	9.4E-82	T	19-04-2021	IPR000172	Glucose-methanol-choline oxidoreductase, N-terminal
S_constricta|evm.model.ctg769.1	9ec2f7706e5b6a6b3f9b617a45f9de10	612	Pfam	PF05199	GMC oxidoreductase	439	584	2.3E-41	T	19-04-2021	IPR007867	Glucose-methanol-choline oxidoreductase, C-terminal
S_constricta|evm.model.ctg769.1	9ec2f7706e5b6a6b3f9b617a45f9de10	612	Pfam	PF00732	GMC oxidoreductase	41	338	5.1E-76	T	19-04-2021	IPR000172	Glucose-methanol-choline oxidoreductase, N-terminal
B_glabrata|XP_013089408.1	371a573a36b0102bbf04c11a4a58628b	554	Pfam	PF05199	GMC oxidoreductase	393	538	4.9E-42	T	19-04-2021	IPR007867	Glucose-methanol-choline oxidoreductase, C-terminal
B_glabrata|XP_013089408.1	371a573a36b0102bbf04c11a4a58628b	554	Pfam	PF00732	GMC oxidoreductase	1	290	1.9E-80	T	19-04-2021	IPR000172	Glucose-methanol-choline oxidoreductase, N-terminal
B_glabrata|XP_013096412.1	bcec9c7c752aad5e63432f1e6f3f0c13	596	Pfam	PF05199	GMC oxidoreductase	440	584	1.2E-35	T	19-04-2021	IPR007867	Glucose-methanol-choline oxidoreductase, C-terminal
B_glabrata|XP_013096412.1	bcec9c7c752aad5e63432f1e6f3f0c13	596	Pfam	PF00732	GMC oxidoreductase	39	332	3.2E-72	T	19-04-2021	IPR000172	Glucose-methanol-choline oxidoreductase, N-terminal
C_virginica|XP_022294752.1	e72eb1c7c8ef98332a208a7a64c8fa3e	603	Pfam	PF00732	GMC oxidoreductase	34	325	3.0E-68	T	19-04-2021	IPR000172	Glucose-methanol-choline oxidoreductase, N-terminal
C_virginica|XP_022294752.1	e72eb1c7c8ef98332a208a7a64c8fa3e	603	Pfam	PF05199	GMC oxidoreductase	436	583	4.7E-40	T	19-04-2021	IPR007867	Glucose-methanol-choline oxidoreductase, C-terminal
A_granulata|model.g19855.t1_1	24357186d1e76767378ed6ae9f0a5b28	612	Pfam	PF00732	GMC oxidoreductase	55	345	9.1E-73	T	19-04-2021	IPR000172	Glucose-methanol-choline oxidoreductase, N-terminal
A_granulata|model.g19855.t1_1	24357186d1e76767378ed6ae9f0a5b28	612	Pfam	PF05199	GMC oxidoreductase	454	597	1.6E-39	T	19-04-2021	IPR007867	Glucose-methanol-choline oxidoreductase, C-terminal
A_granulata|evm.model.Super-Scaffold_505.1528_1	09cb24e0a291a2bb4fd928502c8f2f43	586	Pfam	PF00732	GMC oxidoreductase	25	322	2.0E-74	T	19-04-2021	IPR000172	Glucose-methanol-choline oxidoreductase, N-terminal
A_granulata|evm.model.Super-Scaffold_505.1528_1	09cb24e0a291a2bb4fd928502c8f2f43	586	Pfam	PF05199	GMC oxidoreductase	434	577	1.3E-34	T	19-04-2021	IPR007867	Glucose-methanol-choline oxidoreductase, C-terminal
P_fucata|Pma_10026309	cf14afd491b28c60a38b87706de3e0a1	612	Pfam	PF05199	GMC oxidoreductase	444	590	1.1E-36	T	19-04-2021	IPR007867	Glucose-methanol-choline oxidoreductase, C-terminal
P_fucata|Pma_10026309	cf14afd491b28c60a38b87706de3e0a1	612	Pfam	PF00732	GMC oxidoreductase	39	333	4.2E-81	T	19-04-2021	IPR000172	Glucose-methanol-choline oxidoreductase, N-terminal
B_glabrata|XP_013090966.1	7a81cabfa306a7b4705b7699c021c246	322	Pfam	PF05199	GMC oxidoreductase	103	307	1.0E-35	T	19-04-2021	IPR007867	Glucose-methanol-choline oxidoreductase, C-terminal
B_glabrata|XP_013090966.1	7a81cabfa306a7b4705b7699c021c246	322	Pfam	PF00732	GMC oxidoreductase	133	192	1.1E-12	T	19-04-2021	IPR000172	Glucose-methanol-choline oxidoreductase, N-terminal
A_granulata|evm.model.Super-Scaffold_100019.314_1	ca9e1d1b07d3c5dc8f2c101a7fe4691d	596	Pfam	PF05199	GMC oxidoreductase	437	581	1.1E-42	T	19-04-2021	IPR007867	Glucose-methanol-choline oxidoreductase, C-terminal
A_granulata|evm.model.Super-Scaffold_100019.314_1	ca9e1d1b07d3c5dc8f2c101a7fe4691d	596	Pfam	PF00732	GMC oxidoreductase	264	324	4.2E-16	T	19-04-2021	IPR000172	Glucose-methanol-choline oxidoreductase, N-terminal
A_granulata|evm.model.Super-Scaffold_100019.314_1	ca9e1d1b07d3c5dc8f2c101a7fe4691d	596	Pfam	PF00732	GMC oxidoreductase	16	81	2.3E-13	T	19-04-2021	IPR000172	Glucose-methanol-choline oxidoreductase, N-terminal
A_granulata|evm.model.Super-Scaffold_100019.314_1	ca9e1d1b07d3c5dc8f2c101a7fe4691d	596	Pfam	PF00732	GMC oxidoreductase	88	255	6.4E-38	T	19-04-2021	IPR000172	Glucose-methanol-choline oxidoreductase, N-terminal
A_granulata|evm.model.Super-Scaffold_100016.112_1	316e41d8c15fc9e378b085549f8a6f5b	544	Pfam	PF00732	GMC oxidoreductase	328	484	3.6E-36	T	19-04-2021	IPR000172	Glucose-methanol-choline oxidoreductase, N-terminal
A_granulata|evm.model.Super-Scaffold_100016.112_1	316e41d8c15fc9e378b085549f8a6f5b	544	Pfam	PF00732	GMC oxidoreductase	14	142	8.7E-27	T	19-04-2021	IPR000172	Glucose-methanol-choline oxidoreductase, N-terminal
C_virginica|XP_022308580.1	8ee04017081fc68298d09de64f4b8ab9	611	Pfam	PF00732	GMC oxidoreductase	38	334	7.4E-84	T	19-04-2021	IPR000172	Glucose-methanol-choline oxidoreductase, N-terminal
C_virginica|XP_022308580.1	8ee04017081fc68298d09de64f4b8ab9	611	Pfam	PF05199	GMC oxidoreductase	446	593	5.2E-39	T	19-04-2021	IPR007867	Glucose-methanol-choline oxidoreductase, C-terminal
A_granulata|model.g26165.t1_1	9ccde992e13313a7d29ad5cd4a10e699	657	Pfam	PF05199	GMC oxidoreductase	501	644	2.0E-38	T	19-04-2021	IPR007867	Glucose-methanol-choline oxidoreductase, C-terminal
A_granulata|model.g26165.t1_1	9ccde992e13313a7d29ad5cd4a10e699	657	Pfam	PF00732	GMC oxidoreductase	79	389	1.9E-69	T	19-04-2021	IPR000172	Glucose-methanol-choline oxidoreductase, N-terminal
B_glabrata|XP_013062374.1	eca2a52f20d19502f0e8f4c9e07a0883	578	Pfam	PF00732	GMC oxidoreductase	37	224	7.1E-44	T	19-04-2021	IPR000172	Glucose-methanol-choline oxidoreductase, N-terminal
B_glabrata|XP_013062374.1	eca2a52f20d19502f0e8f4c9e07a0883	578	Pfam	PF00732	GMC oxidoreductase	232	309	3.5E-23	T	19-04-2021	IPR000172	Glucose-methanol-choline oxidoreductase, N-terminal
B_glabrata|XP_013062374.1	eca2a52f20d19502f0e8f4c9e07a0883	578	Pfam	PF05199	GMC oxidoreductase	417	562	6.5E-41	T	19-04-2021	IPR007867	Glucose-methanol-choline oxidoreductase, C-terminal
P_fucata|Pma_10010486	29c7b393204f1e1f5c618009eee9a4c0	489	Pfam	PF00732	GMC oxidoreductase	1	202	6.2E-49	T	19-04-2021	IPR000172	Glucose-methanol-choline oxidoreductase, N-terminal
P_fucata|Pma_10010486	29c7b393204f1e1f5c618009eee9a4c0	489	Pfam	PF05199	GMC oxidoreductase	313	459	1.0E-38	T	19-04-2021	IPR007867	Glucose-methanol-choline oxidoreductase, C-terminal
C_virginica|XP_022332689.1	ad202302984cc1e5d84dd5ac872979e7	611	Pfam	PF00732	GMC oxidoreductase	37	332	1.0E-80	T	19-04-2021	IPR000172	Glucose-methanol-choline oxidoreductase, N-terminal
C_virginica|XP_022332689.1	ad202302984cc1e5d84dd5ac872979e7	611	Pfam	PF05199	GMC oxidoreductase	444	591	4.1E-40	T	19-04-2021	IPR007867	Glucose-methanol-choline oxidoreductase, C-terminal
P_fucata|Pma_10013077	46fd138c07daba97252d693090a3747e	594	Pfam	PF00732	GMC oxidoreductase	23	313	1.4E-82	T	19-04-2021	IPR000172	Glucose-methanol-choline oxidoreductase, N-terminal
P_fucata|Pma_10013077	46fd138c07daba97252d693090a3747e	594	Pfam	PF05199	GMC oxidoreductase	424	570	1.7E-40	T	19-04-2021	IPR007867	Glucose-methanol-choline oxidoreductase, C-terminal
A_granulata|evm.model.Super-Scaffold_100005.476_1	ea4d3b123f9ffbccd4b62b6d7498698c	451	Pfam	PF05199	GMC oxidoreductase	295	438	2.3E-36	T	19-04-2021	IPR007867	Glucose-methanol-choline oxidoreductase, C-terminal
A_granulata|evm.model.Super-Scaffold_100005.476_1	ea4d3b123f9ffbccd4b62b6d7498698c	451	Pfam	PF00732	GMC oxidoreductase	151	214	1.5E-9	T	19-04-2021	IPR000172	Glucose-methanol-choline oxidoreductase, N-terminal
A_granulata|evm.model.Super-Scaffold_100005.476_1	ea4d3b123f9ffbccd4b62b6d7498698c	451	Pfam	PF00732	GMC oxidoreductase	14	142	1.1E-29	T	19-04-2021	IPR000172	Glucose-methanol-choline oxidoreductase, N-terminal
P_fucata|Pma_10026305	c3420b077efe86ec7dd933f1d493c41d	726	Pfam	PF00732	GMC oxidoreductase	380	452	2.9E-21	T	19-04-2021	IPR000172	Glucose-methanol-choline oxidoreductase, N-terminal
P_fucata|Pma_10026305	c3420b077efe86ec7dd933f1d493c41d	726	Pfam	PF00732	GMC oxidoreductase	50	103	9.9E-13	T	19-04-2021	IPR000172	Glucose-methanol-choline oxidoreductase, N-terminal
P_fucata|Pma_10026305	c3420b077efe86ec7dd933f1d493c41d	726	Pfam	PF00732	GMC oxidoreductase	201	377	8.0E-38	T	19-04-2021	IPR000172	Glucose-methanol-choline oxidoreductase, N-terminal
P_fucata|Pma_10026305	c3420b077efe86ec7dd933f1d493c41d	726	Pfam	PF05199	GMC oxidoreductase	559	705	2.6E-39	T	19-04-2021	IPR007867	Glucose-methanol-choline oxidoreductase, C-terminal
P_fucata|Pma_10026308	d24d343b2521e843686a99f580f38f8a	642	Pfam	PF05199	GMC oxidoreductase	509	619	2.6E-23	T	19-04-2021	IPR007867	Glucose-methanol-choline oxidoreductase, C-terminal
P_fucata|Pma_10026308	d24d343b2521e843686a99f580f38f8a	642	Pfam	PF00732	GMC oxidoreductase	39	85	2.6E-10	T	19-04-2021	IPR000172	Glucose-methanol-choline oxidoreductase, N-terminal
P_fucata|Pma_10026308	d24d343b2521e843686a99f580f38f8a	642	Pfam	PF00732	GMC oxidoreductase	148	438	6.2E-77	T	19-04-2021	IPR000172	Glucose-methanol-choline oxidoreductase, N-terminal
A_granulata|model.g20194.t1_1	00712dfecc41b680703a84ce54edbee9	581	Pfam	PF00732	GMC oxidoreductase	13	307	1.0E-72	T	19-04-2021	IPR000172	Glucose-methanol-choline oxidoreductase, N-terminal
A_granulata|model.g20194.t1_1	00712dfecc41b680703a84ce54edbee9	581	Pfam	PF05199	GMC oxidoreductase	420	564	3.2E-37	T	19-04-2021	IPR007867	Glucose-methanol-choline oxidoreductase, C-terminal
B_glabrata|XP_013090968.1	1bafa89694a7404c5647dc1cb3aceeb2	94	Pfam	PF00732	GMC oxidoreductase	1	91	3.6E-17	T	19-04-2021	IPR000172	Glucose-methanol-choline oxidoreductase, N-terminal
A_granulata|evm.model.Super-Scaffold_100037.2_1	1e1fe2a585bca0ae1ed25dc2c862c701	737	Pfam	PF00732	GMC oxidoreductase	354	470	2.0E-31	T	19-04-2021	IPR000172	Glucose-methanol-choline oxidoreductase, N-terminal
A_granulata|evm.model.Super-Scaffold_100037.2_1	1e1fe2a585bca0ae1ed25dc2c862c701	737	Pfam	PF00732	GMC oxidoreductase	224	346	8.4E-25	T	19-04-2021	IPR000172	Glucose-methanol-choline oxidoreductase, N-terminal
A_granulata|evm.model.Super-Scaffold_100037.2_1	1e1fe2a585bca0ae1ed25dc2c862c701	737	Pfam	PF05199	GMC oxidoreductase	583	724	8.2E-36	T	19-04-2021	IPR007867	Glucose-methanol-choline oxidoreductase, C-terminal
O_bimaculoides|XP_014774772.1	a19e27dfd3aa921bd7220ed632de57b0	641	Pfam	PF05199	GMC oxidoreductase	478	622	1.3E-38	T	19-04-2021	IPR007867	Glucose-methanol-choline oxidoreductase, C-terminal
O_bimaculoides|XP_014774772.1	a19e27dfd3aa921bd7220ed632de57b0	641	Pfam	PF00732	GMC oxidoreductase	69	363	6.2E-80	T	19-04-2021	IPR000172	Glucose-methanol-choline oxidoreductase, N-terminal
S_constricta|evm.model.ctg496.5	0b50adbee2d1671c2dd691ccd24557a9	589	Pfam	PF00732	GMC oxidoreductase	38	332	5.2E-77	T	19-04-2021	IPR000172	Glucose-methanol-choline oxidoreductase, N-terminal
S_constricta|evm.model.ctg496.5	0b50adbee2d1671c2dd691ccd24557a9	589	Pfam	PF05199	GMC oxidoreductase	438	581	4.5E-40	T	19-04-2021	IPR007867	Glucose-methanol-choline oxidoreductase, C-terminal
S_constricta|evm.model.ctg942.2	a7606694671da197a303b49bb68861ac	270	Pfam	PF00732	GMC oxidoreductase	1	203	1.1E-51	T	19-04-2021	IPR000172	Glucose-methanol-choline oxidoreductase, N-terminal
A_granulata|evm.model.Super-Scaffold_100003.698_1	221f9aee4316917c3833d2e58e47db95	489	Pfam	PF05199	GMC oxidoreductase	440	478	4.4E-6	T	19-04-2021	IPR007867	Glucose-methanol-choline oxidoreductase, C-terminal
A_granulata|evm.model.Super-Scaffold_100003.698_1	221f9aee4316917c3833d2e58e47db95	489	Pfam	PF00732	GMC oxidoreductase	36	330	3.5E-80	T	19-04-2021	IPR000172	Glucose-methanol-choline oxidoreductase, N-terminal
B_glabrata|XP_013068639.1	0dc34caaae9446cdd2f51768e2f71243	600	Pfam	PF00732	GMC oxidoreductase	41	337	3.1E-78	T	19-04-2021	IPR000172	Glucose-methanol-choline oxidoreductase, N-terminal
B_glabrata|XP_013068639.1	0dc34caaae9446cdd2f51768e2f71243	600	Pfam	PF05199	GMC oxidoreductase	440	583	4.7E-40	T	19-04-2021	IPR007867	Glucose-methanol-choline oxidoreductase, C-terminal
B_glabrata|XP_013080662.1	dbb08ba6e88c5fde778cc45f383bd30b	181	Pfam	PF05199	GMC oxidoreductase	20	165	1.2E-42	T	19-04-2021	IPR007867	Glucose-methanol-choline oxidoreductase, C-terminal
P_fucata|Pma_10027671	8d47676d511c23d65b8d1eea2ea625a2	632	Pfam	PF05199	GMC oxidoreductase	468	612	1.7E-41	T	19-04-2021	IPR007867	Glucose-methanol-choline oxidoreductase, C-terminal
P_fucata|Pma_10027671	8d47676d511c23d65b8d1eea2ea625a2	632	Pfam	PF00732	GMC oxidoreductase	60	356	3.2E-79	T	19-04-2021	IPR000172	Glucose-methanol-choline oxidoreductase, N-terminal
P_fucata|Pma_2.319	9b206c551df07674be71895bd0b1d55e	633	Pfam	PF00732	GMC oxidoreductase	58	352	4.5E-87	T	19-04-2021	IPR000172	Glucose-methanol-choline oxidoreductase, N-terminal
P_fucata|Pma_2.319	9b206c551df07674be71895bd0b1d55e	633	Pfam	PF05199	GMC oxidoreductase	463	609	1.1E-35	T	19-04-2021	IPR007867	Glucose-methanol-choline oxidoreductase, C-terminal
C_virginica|XP_022293525.1	8e875e82592561ee0b03ae22d1f65c5d	609	Pfam	PF05199	GMC oxidoreductase	442	589	1.3E-41	T	19-04-2021	IPR007867	Glucose-methanol-choline oxidoreductase, C-terminal
C_virginica|XP_022293525.1	8e875e82592561ee0b03ae22d1f65c5d	609	Pfam	PF00732	GMC oxidoreductase	36	330	1.2E-85	T	19-04-2021	IPR000172	Glucose-methanol-choline oxidoreductase, N-terminal
B_glabrata|XP_013092990.1	5bf36846fc6ac9709856d05bc4957163	619	Pfam	PF05199	GMC oxidoreductase	463	607	4.5E-41	T	19-04-2021	IPR007867	Glucose-methanol-choline oxidoreductase, C-terminal
B_glabrata|XP_013092990.1	5bf36846fc6ac9709856d05bc4957163	619	Pfam	PF00732	GMC oxidoreductase	61	355	1.5E-84	T	19-04-2021	IPR000172	Glucose-methanol-choline oxidoreductase, N-terminal
P_fucata|Pma_10017082	c65811f61ea3260d7d898e802cbbaeab	508	Pfam	PF05199	GMC oxidoreductase	341	487	4.8E-38	T	19-04-2021	IPR007867	Glucose-methanol-choline oxidoreductase, C-terminal
P_fucata|Pma_10017082	c65811f61ea3260d7d898e802cbbaeab	508	Pfam	PF00732	GMC oxidoreductase	39	316	2.3E-68	T	19-04-2021	IPR000172	Glucose-methanol-choline oxidoreductase, N-terminal
L_gigantea|XP_009066031.1	53b3fd32bda33ccabb9e8d44a79527c2	571	Pfam	PF00732	GMC oxidoreductase	13	306	3.1E-77	T	19-04-2021	IPR000172	Glucose-methanol-choline oxidoreductase, N-terminal
L_gigantea|XP_009066031.1	53b3fd32bda33ccabb9e8d44a79527c2	571	Pfam	PF05199	GMC oxidoreductase	410	555	6.4E-40	T	19-04-2021	IPR007867	Glucose-methanol-choline oxidoreductase, C-terminal
